<?xml version="1.0" encoding="UTF-8"?>
<included>
    <!-- console-appender properties -->
    <springProperty name="CONSOLE_LOG_PATTERN" source="logging.pattern.console"
                    defaultValue="%clr(%d{HH:mm:ss.SSS}){faint} %clr(%5p) %clr(---){faint} %clr([%25.25t]){faint} %clr(%-40.40logger{39}){cyan} %clr(:){faint} %m%n%wEx2"/>

    <appender name="CONSOLE" class="ch.qos.logback.core.ConsoleAppender">
        <encoder>
            <Pattern>${CONSOLE_LOG_PATTERN}</Pattern>
            <charset>UTF-8</charset>
        </encoder>
    </appender>
</included>
